Ssd Kingston 240gb Sata 6gb/s Lacrado,"R$ 86,34",Shopee
Original novo ssd 500gb 2.5 Polegada satall ssd 120gb 240gb 480gb 512gb 1tb ...,"R$ 514,18",AliExpress.com
Ssd 240GB BX500 Crucial,"R$ 219,90",KaBuM!
Ssd 240GB Kingston Sata A400,"R$ 289,92",Pichau
Novo Ssd Kingston A400 480gb 240gb 120gb 60gb No brand,"R$ 65,46",Shopee
Entrega de 12 horas WD Green PC Sata SSD Memória Interna SSD Western Digital Para ...,"R$ 79,99",Shopee
Kingston Sata SSD 120GB A400 SATA III 2.5 Para Notebook PC,"R$ 74,89",Shopee
"Ssd sata 3, dispositivo interno para laptop e notebook, 2.5 polegadas, a400/uv400 ...","R$ 148,57",AliExpress.com
"Ssd 128GB Team Group GX2 2.5"" Sata 6Gb/s, T253X2128G0C101","R$ 154,90",Netshoes
Ssd Gigabyte 240GB Sata GP-GSTFS31240GNTD,"R$ 514,36",Processtec
"toe 1 Tb Interno SSD De 2.5 "" Desktop Drive De Estado Sólido Até 560 MB/s SATA 6 ...","R$ 188,00",Shopee
Ssd Sandisk 240GB Plus,"R$ 325,90",Kalunga
Kingspec m.2 nvme ssd 1tb 512gb pci-e 3.0x4 sinal disco rígido sólido hdd hd ...,"R$ 111,05",AliExpress.com
HP SSD 240gb 120GB sata3 Internal Solid State Drive 2.5 Hard Disk Disc HDD S700 ...,"R$ 72,55",Shopee
Best -SAMSUNG SSD 1TB 860 EVO 250GB 500GB Internal Solid State -HHD Hard Drive ...,"R$ 110,27",Shopee
"Disco rígido ssd, 240 gb, 500gb, 120gb, 240 gb, 256gb, 2tb, hd 2.5, unidade de ...","R$ 57,64",AliExpress.com
"Ssd 480GB Kingston A400 Sata 3 2,5' Leitura 500mb/s 10x Hdd Lacrado Kingston","R$ 219,98",Shopee
Ssd Goldefiner 120 Gigas Goldenfir,"R$ 150,00",Mercado Livre
"Ssd 500GB Kingston NV1, M.2 2280, Nvme Pcie - SNVS/500G","R$ 603,70",TecnoALL
Ssd 120GB 2.5 Sata III,"R$ 155,00",Magazine Luiza
"Ssd Zadak TWSS3, 512GB, Sata III, Leitura 560mb/s e Gravação 540MB/s, ZS512GTWSS3-1","R$ 327,90",Terabyteshop
Novo Ssd Kingston A400 480gb 240gb 120GB Drives de Estado Sólido,"R$ 70,58",Shopee
"Ssd Lexar Ns100 128GB 2.5"" Sata 6gb/s - LNS100-128RB","R$ 104,49",Techinn.com
Ssd M.2 256GB XPG Gammix S41 TUF - Nvme - Leitura 3500mb/s - Gravação 1000mb/s ...,"R$ 299,90",KaBuM!
Ssd Flash Nand 120GB 500mb/s GP-GSTFS31120GNTD Gigabyte,"R$ 226,14",Colombo
"Ssd 512GB Pichau Gaming 2.5 Sata 6Gb/s, PG512X","R$ 534,90",Shoptime
"HD ssd 480GB macrovip SATA3 2,5 MV480GB","R$ 431,90",Americanas.com
Kunup menor preço ssd 128gb 256gb 2.5 unidade de estado sólido ssd 512gb 720gb ...,"R$ 36,45",AliExpress.com
SSD Sata Kingdian KingFast Xray 120gb / 240gb / 480gb / 720gb - Pronta Entrega ...,"R$ 134,99",Shopee
Ssd Goldenfir 240 Gb,"R$ 250,00",Mercado Livre
"Walram-hd ssd, disco rígido para computador ou laptop, 120gb, 128gb, 240gb, 2.5 ...","R$ 99,99",Shopee
"Disco rígido ssd, 2.5 polegadas, 60/120/128/240/256 gb, 360/480/500 gb, disco de ...","R$ 73,91",AliExpress.com
Hd Ssd Emmc Sata 32gb Sata 3 Modelo Sp600fa1 Adata,"R$ 99,99",Mercado Livre
Kingston Ssd Original A400 240gb Drive De Estado Sólido Interno Sata Iii Hdd ...,"R$ 206,82",Shopee
Kingston Ssd 120gb 240gb 480gb Drive Solid-State A400 Hard Drive Hd Ssd NO BRAND,"R$ 96,19",Shopee
SSD 240GB GB 120GB 256GB 2 8G 16 TB Interno SATA3 2.5 1T 60 64 Polegada OEM Drive ...,"R$ 39,20",AliExpress.com
Kingston | Ssd Kingston 120gb | Usado,"R$ 119,99",Enjoei.com
Kunup 120gb 240gb 128gb 256gb 360gb 480gb ssd 64g 32gb 16gb 500g disco de estado ...,"R$ 48,71",AliExpress.com
Ssd Desktop Notebook Ultrabook Kingston Sa400s37/240g,"R$ 269,99",Shoptime
Kunup mais baixo preço ssd 120gb 128gb 240gb 2.5 estado sólido drive480gb 960gb ...,"R$ 63,03",AliExpress.com
"Memória Interna SSD Western Digital Para Pc, WD GREEN Disque SSD , Sata3 E Disco ...","R$ 79,99",Shopee
"Disco rígido ssd sata2.5 ""512gb p210 p210s512g25 patriot computadores e ...","R$ 364,37",AliExpress.com
Kingston A400 SSD Drive De Estado Interno Sólido 120GB 240GB 480GB 2.5 Polegada ...,"R$ 60,01",Shopee
Novo Ssd Kingston A400 480gb 240gb 120gb 60gb Original Kingston,"R$ 76,99",Shopee
"Ssd Husky Gaming 128GB, M2 NVMe, 1300MB/s - HSS-NV-120","R$ 209,90",KaBuM!
SSD Liketec OEM 240GB SATA 6.0Gb/s 2.5 - HI-SPEED,"R$ 285,17",Magazine Luiza
"Ssd sata iii interno de 2.5 polegadas, 16gb, 32gb, 60gb, 120gb, 240gb, 480gb ...","R$ 46,75",AliExpress.com
[Kingston SSD] 120 / 240 / 480gb Kingston A400 Ssd Drive De Estado Sólido Sata 3 ...,"R$ 85,95",Shopee
Kingspec SSD NVMe M2 256GB 512GB 1TB 128GB 2280 PCIe,"R$ 230,40",Shopee
SSD Kingston A400 480GB,"R$ 459,75",Pontofrio.com
Preto ssd kunup 60gb 120gb 240gb 360gb 480gb 64g 32gb128g 256gb 2tb disco rígido ...,"R$ 49,77",AliExpress.com
"Myfu 1tb Ssd Interno De 2,5 ""De Desktop Com Estado Único De Até 560 Mb / S Sata 6 ...","R$ 95,68",Shopee
SSD Goldenfir 120GB / 256GB / 500GB Disco Sólido Interno Goldenfir,"R$ 130,00",Shopee
Ssd Kingston A400 480GB,"R$ 721,00",Casas Bahia
Hd Ssd Lexar 240GB NQ100 Sata 6gb/s,"R$ 277,45",Extra.com.br
"2.5 ""ssd 16gb 32gb 64gb 128gb ssd disco de disco rígido discos de estado sólido ...","R$ 63,03",AliExpress.com
SSD Kingston A400 2.5 SATA Rev. 3.0 SA400S37 120gb // 240gb // 480gb Kingston A400,"R$ 299,90",Shopee
Kingston A400 Ssd De 120gb Solid State Drive Sata 3 2.5 Polegada Disko Resistente ...,"R$ 99,99",Shopee
SSD Goldenfir 128GB/240GB/500GB Original Lacrado Pronta Entrega no Brasil Goldenfir,"R$ 217,50",Shopee
Goldenfir menor preço ssd 128gb 256gb 2.5 unidade de estado sólido ssd 512gb ...,"R$ 81,79",AliExpress.com
